-- ============================================================
-- DONNÉES DE TEST — E-Commerce
-- ============================================================

USE ecommerce_db;

-- ─── Catégories ──────────────────────────────────────────────
INSERT INTO categories (categorie_id, nom, description, slug, categorie_parent_id) VALUES
(1,  'Électronique',   'Appareils électroniques grand public',      'electronique',   NULL),
(2,  'Vêtements',      'Mode homme, femme et enfant',               'vetements',      NULL),
(3,  'Maison',         'Équipement et décoration maison',           'maison',         NULL),
(4,  'Smartphones',    'Téléphones mobiles et accessoires',         'smartphones',    1),
(5,  'Informatique',   'Ordinateurs, tablettes et périphériques',   'informatique',   1),
(6,  'Audio',          'Casques, enceintes et accessoires audio',   'audio',          1),
(7,  'Homme',          'Mode masculine',                            'vetements-homme',2),
(8,  'Femme',          'Mode féminine',                             'vetements-femme',2),
(9,  'Cuisine',        'Électroménager et ustensiles cuisine',      'cuisine',        3),
(10, 'Mobilier',       'Meubles et rangement',                      'mobilier',       3);

-- ─── Clients (50 clients) ────────────────────────────────────
INSERT INTO clients (nom, prenom, email, telephone, ville, code_postal, pays, newsletter, date_creation) VALUES
('Martin',    'Alice',    'alice.martin@email.fr',    '0601020304', 'Paris',       '75001', 'France', 1, '2022-03-15 10:00:00'),
('Dupont',    'Bob',      'bob.dupont@email.fr',      '0602030405', 'Lyon',        '69001', 'France', 0, '2022-04-20 11:30:00'),
('Leroy',     'Claire',   'claire.leroy@email.fr',    '0603040506', 'Bordeaux',    '33000', 'France', 1, '2022-05-10 09:15:00'),
('Bernard',   'David',    'david.bernard@email.fr',   '0604050607', 'Marseille',   '13001', 'France', 1, '2022-06-01 14:00:00'),
('Petit',     'Emma',     'emma.petit@email.fr',      '0605060708', 'Nantes',      '44000', 'France', 0, '2022-07-22 16:45:00'),
('Robert',    'François', 'francois.robert@email.fr', '0606070809', 'Toulouse',    '31000', 'France', 1, '2022-08-05 08:00:00'),
('Richard',   'Gabrielle','gabrielle.richard@email.fr','0607080900','Lille',       '59000', 'France', 0, '2022-09-14 13:20:00'),
('Simon',     'Hugo',     'hugo.simon@email.fr',      '0608090001', 'Strasbourg',  '67000', 'France', 1, '2022-10-03 10:00:00'),
('Michel',    'Inès',     'ines.michel@email.fr',     '0609000102', 'Rennes',      '35000', 'France', 1, '2022-11-18 11:00:00'),
('Lefebvre',  'Julien',   'julien.lefebvre@email.fr', '0600010203', 'Nice',        '06000', 'France', 0, '2023-01-05 09:30:00'),
('Garcia',    'Karine',   'karine.garcia@email.fr',   '0611121314', 'Paris',       '75008', 'France', 1, '2023-02-14 15:00:00'),
('Martinez',  'Luc',      'luc.martinez@email.fr',    '0612131415', 'Lyon',        '69003', 'France', 1, '2023-03-20 12:00:00'),
('Moreau',    'Marie',    'marie.moreau@email.fr',    '0613141516', 'Bordeaux',    '33100', 'France', 0, '2023-04-10 10:45:00'),
('Thomas',    'Nicolas',  'nicolas.thomas@email.fr',  '0614151617', 'Paris',       '75015', 'France', 1, '2023-05-05 08:30:00'),
('Roux',      'Océane',   'oceane.roux@email.fr',     '0615161718', 'Marseille',   '13008', 'France', 1, '2023-06-22 14:00:00'),
('Blanc',     'Pierre',   'pierre.blanc@email.fr',    '0616171819', 'Nantes',      '44100', 'France', 0, '2023-07-11 11:00:00'),
('Gauthier',  'Quentin',  'quentin.gauthier@email.fr','0617181920', 'Toulouse',    '31100', 'France', 1, '2023-08-30 09:00:00'),
('Fontaine',  'Rachel',   'rachel.fontaine@email.fr', '0618192021', 'Paris',       '75011', 'France', 1, '2023-09-15 16:00:00'),
('Rousseau',  'Samuel',   'samuel.rousseau@email.fr', '0619202122', 'Lyon',        '69007', 'France', 0, '2023-10-01 10:00:00'),
('Vincent',   'Théa',     'thea.vincent@email.fr',    '0620212223', 'Strasbourg',  '67100', 'France', 1, '2023-11-20 13:30:00');

-- ─── Produits (30 produits) ──────────────────────────────────
INSERT INTO produits (reference, nom, prix, stock, poids_kg, categorie_id) VALUES
('IPHO-15PRO',  'iPhone 15 Pro 256Go',            1199.00,  45, 0.187, 4),
('SAMS-S24',    'Samsung Galaxy S24 128Go',         899.00,  72, 0.167, 4),
('GOOG-PIX8',   'Google Pixel 8 Pro',               999.00,  30, 0.213, 4),
('ONEP-12P',    'OnePlus 12 Pro',                   799.00,  55, 0.220, 4),
('MACB-AIR-M3', 'MacBook Air 13" M3 8Go/256Go',   1299.00,  28, 1.240, 5),
('DELL-XPS15',  'Dell XPS 15 OLED i7/32Go/1To',   1899.00,  15, 1.860, 5),
('IPAD-PRO12',  'iPad Pro 12.9" M2 WiFi 256Go',   1199.00,  35, 0.682, 5),
('ASUS-ZEPH',   'ASUS ROG Zephyrus G14',           1599.00,  20, 1.720, 5),
('SONY-WH1000', 'Sony WH-1000XM5 Casque BT',        349.00,  88, 0.250, 6),
('APPL-AIRP3',  'AirPods Pro 2e génération',         279.00, 120, 0.050, 6),
('BOSE-QC45',   'Bose QuietComfort 45',             329.00,  40, 0.238, 6),
('JBL-CHARGE5', 'JBL Charge 5 Enceinte BT',         179.00,  65, 0.960, 6),
('JEAN-SLM-N',  'Jean Slim Coupe Moderne Noir',      59.99, 150, 0.600, 7),
('VEST-CUIR-B', 'Veste Cuir Genuine Brun',          199.99,  25, 0.900, 7),
('PULL-MERIN',  'Pull Col Roulé Mérinos',            89.99,  80, 0.350, 7),
('SHOE-RUN-01', 'Chaussures Running Pro V2',         119.99,  60, 0.580, 7),
('ROBE-FLEU',   'Robe Fleurie Printemps',            44.99, 200, 0.280, 8),
('BLOUS-SILK',  'Blouse en Soie Premium',            79.99,  55, 0.220, 8),
('MANT-CACH',   'Manteau Cachemire Long',            299.99,  18, 0.850, 8),
('SAC-CUIR-B',  'Sac à Main Cuir Bordeaux',         149.99,  40, 0.700, 8),
('CUIS-ROBOT',  'Robot Cuiseur Multifonction 5L',    299.00,  22, 5.200, 9),
('CUIS-BLND',   'Blender Haute Performance 1200W',   139.00,  45, 2.100, 9),
('CUIS-CAFET',  'Machine à Café Expresso Auto',      449.00,  30, 7.500, 9),
('CUIS-FRIGM',  'Friteuse à Air Chaud 6L XXL',        89.00,  70, 3.200, 9),
('MEUB-BUREAU', 'Bureau Ergonomique Réglable',       499.00,  12, 35.00, 10),
('MEUB-CHAISE', 'Chaise de Bureau Ergonomique',      349.00,  18, 12.50, 10),
('MEUB-ETAGER', 'Étagère Modulable 5 Niveaux',       149.00,  35, 15.00, 10),
('MEUB-COMODE', 'Commode 6 Tiroirs Chêne Naturel',   299.00,   8, 42.00, 10),
('ACC-COQUE-1', 'Coque iPhone 15 Pro Premium',        29.99, 300, 0.040, 4),
('ACC-CHARG-U', 'Chargeur USB-C 65W GaN',             39.99, 250, 0.085, 5);

-- ─── Commandes ───────────────────────────────────────────────
INSERT INTO commandes (client_id, date_commande, statut, montant_total, frais_livraison) VALUES
(1,  '2023-01-15 10:23:00', 'livree',     1199.00,   0.00),
(2,  '2023-01-22 14:05:00', 'livree',      899.00,   0.00),
(3,  '2023-02-03 09:30:00', 'livree',      279.00,   5.99),
(4,  '2023-02-18 16:45:00', 'annulee',     59.99,    5.99),
(5,  '2023-03-01 11:00:00', 'livree',     1299.00,   0.00),
(1,  '2023-03-14 08:30:00', 'livree',      349.00,   0.00),
(6,  '2023-04-05 13:20:00', 'livree',     1899.00,   0.00),
(7,  '2023-04-19 15:00:00', 'livree',      199.99,   5.99),
(8,  '2023-05-02 10:15:00', 'livree',      449.00,   0.00),
(2,  '2023-05-22 12:00:00', 'livree',      999.00,   0.00),
(9,  '2023-06-10 09:00:00', 'livree',     1599.00,   0.00),
(10, '2023-06-28 14:30:00', 'livree',      329.00,   5.99),
(3,  '2023-07-04 11:45:00', 'remboursee', 299.99,    5.99),
(11, '2023-07-15 16:00:00', 'livree',      799.00,   0.00),
(12, '2023-08-02 08:30:00', 'livree',     1199.00,   0.00),
(4,  '2023-08-20 13:00:00', 'livree',      499.00,   9.99),
(13, '2023-09-05 10:30:00', 'livree',      149.99,   5.99),
(5,  '2023-09-18 15:45:00', 'livree',      349.00,   9.99),
(14, '2023-10-01 11:00:00', 'livree',     1199.00,   0.00),
(1,  '2023-10-14 09:30:00', 'livree',     1899.00,   0.00),
(15, '2023-11-03 14:00:00', 'livree',      449.00,   0.00),
(6,  '2023-11-20 10:00:00', 'livree',      299.00,   0.00),
(16, '2023-12-01 16:30:00', 'livree',     1299.00,   0.00),
(2,  '2023-12-15 12:00:00', 'livree',      89.99,    5.99),
(17, '2024-01-08 09:00:00', 'livree',      179.00,   5.99),
(18, '2024-01-25 13:30:00', 'livree',     1599.00,   0.00),
(7,  '2024-02-10 10:45:00', 'livree',      279.00,   0.00),
(19, '2024-02-28 15:00:00', 'livree',      799.00,   0.00),
(20, '2024-03-10 11:30:00', 'livree',      349.00,   9.99),
(1,  '2024-03-25 08:00:00', 'en_cours',   1199.00,   0.00);

-- ─── Lignes de commande ──────────────────────────────────────
INSERT INTO lignes_commande (commande_id, produit_id, quantite, prix_unitaire) VALUES
(1,  1,  1, 1199.00),
(2,  2,  1,  899.00),
(3,  10, 1,  279.00),
(5,  5,  1, 1299.00),
(6,  9,  1,  349.00),
(7,  6,  1, 1899.00),
(8,  14, 1,  199.99),
(9,  23, 1,  449.00),
(10, 3,  1,  999.00),
(11, 8,  1, 1599.00),
(12, 11, 1,  329.00),
(14, 4,  1,  799.00),
(15, 7,  1, 1199.00),
(16, 25, 1,  499.00),
(17, 20, 1,  149.99),
(18, 26, 1,  349.00),
(19, 1,  1, 1199.00),
(20, 6,  1, 1899.00),
(21, 23, 1,  449.00),
(22, 21, 1,  299.00),
(23, 5,  1, 1299.00),
(24, 24, 1,   89.99),
(25, 12, 1,  179.00),
(26, 8,  1, 1599.00),
(27, 10, 1,  279.00),
(28, 4,  1,  799.00),
(29, 26, 1,  349.00),
(30, 1,  1, 1199.00);
